{
  "1":   {
        "code" : "GALR210214",
        "name" : "Gale Reef",
        "length" : "4 nights / 5 days",
        "start" : "2021-02-14T08:00:00Z",
        "resort" : "Emerald Bay, 3 stars",
        "perPerson" : "799.00",
        "image" : "reef1.jpg",
        "description" : " I accidently lost this description"
     },
     "2": {
        "code" : "DAWR210315",
        "name" : "Dawson's Reef",
        "length" : "4 nights / 5 days",
        "start": "2021-03-15T08:00:00Z",
        "resort" : "Blue Lagoon, 4 stars",
        "perPerson" : "1199.00",
        "image" : "reef2.jpg",
        "description" : " Same with this one"
     },
     "3": {
        "code" : "CLAR210621",
        "name" : "Claire's Reef",
        "length" : "4 nights / 5 days",
        "start" : "2021-06-21T08:00:00Z",
        "resort" : "Coral Sands, 5 stars",
        "perPerson" : "1999.00",
        "image" : "reef3.jpg",
        "description" : " As well as this one..."
     }
   }